population,dataset,pc90,average_hits,pc90_scaled,average_hits_scaled
American Samoa,mhcflurry,12668.72,23999.53,0.024775434053920856,0.046934400068838464
American Samoa,netmhc,7830.74,18186.08,0.023506276753498593,0.05459088534943897
Australia Cape York Peninsula Aborigine,mhcflurry,17827.05,32501.13,0.03486326177000911,0.06356045464679216
Australia Cape York Peninsula Aborigine,netmhc,9878.76,23787.32,0.0296540130998337,0.07140465998667203
Australia Groote Eylandt Aborigine,mhcflurry,17391.04,29949.53,0.03401058391448385,0.05857044795850917
Australia Groote Eylandt Aborigine,netmhc,9444.18,19824.51,0.028349492996812095,0.059509116451638075
Australia Kimberly Aborigine,mhcflurry,13422.93,27623.18,0.026250396016755908,0.054020948797478006
Australia Kimberly Aborigine,netmhc,5609.35,16517.97,0.016838119195278778,0.04958356096945974
Australia New South Wales Caucasian,mhcflurry,29920.86,47508.85,0.05851437980842567,0.09291012668624912
Australia New South Wales Caucasian,netmhc,25808.46,39873.06,0.0774717080814327,0.11969075507153278
Australia Yuendumu Aborigine,mhcflurry,12550.06,25797.01,0.02454337801314971,0.05044962080173347
Australia Yuendumu Aborigine,netmhc,5391.87,16729.0,0.016185288802704017,0.05021702978381072
Bolivia/Chile Aymara NA-DHS_13 (G),mhcflurry,16034.54,29538.24,0.031357760559469004,0.05776611348177932
Bolivia/Chile Aymara NA-DHS_13 (G),netmhc,13975.21,26176.33,0.04195071652848403,0.0785759784351042
Bolivia/Peru Quechua NA-DHS_12 (G),mhcflurry,23968.76,32986.12,0.04687422507832331,0.06450891966628988
Bolivia/Peru Quechua NA-DHS_12 (G),netmhc,21692.57,28933.03,0.06511664975655442,0.08685102691409463
Brazil Barra Mansa Rio State Black,mhcflurry,17299.39,31433.83,0.0338313496642169,0.061473201888364346
Brazil Barra Mansa Rio State Black,netmhc,10615.46,25622.95,0.031865435530447205,0.07691484507735626
Brazil Barra Mansa Rio State Caucasian,mhcflurry,21427.58,37811.99,0.04190459614113451,0.07394657587289916
Brazil Barra Mansa Rio State Caucasian,netmhc,16079.97,31104.02,0.04826877472728692,0.09336789400061236
Brazil Mixed,mhcflurry,16352.45,31350.87,0.03197947753167157,0.061310962134931216
Brazil Mixed,netmhc,10672.73,26200.79,0.03203734833430391,0.07864940234260087
Brazil Puyanawa,mhcflurry,21902.95,38223.4,0.04283424792017867,0.07475114502622511
Brazil Puyanawa,netmhc,17529.24,32661.26,0.052619186273391495,0.09804240936079775
Brazil Rio de Janeiro Black,mhcflurry,17526.44,32384.12,0.03427537734041013,0.06333162540921732
Brazil Rio de Janeiro Black,netmhc,10936.26,24992.75,0.032828411390011226,0.0750231138220656
Brazil Rio de Janeiro Caucasian,mhcflurry,21792.78,37662.84,0.042618795248581184,0.07365489242033707
Brazil Rio de Janeiro Caucasian,netmhc,15950.44,31244.38,0.04787995221142243,0.09378922595712236
Brazil Rio de Janeiro Parda,mhcflurry,19185.75,35213.84,0.03752038752928569,0.06886553422171462
Brazil Rio de Janeiro Parda,netmhc,13308.25,29098.74,0.039948639286293205,0.08734845437571669
Brazil Terena,mhcflurry,9191.79,22412.28,0.017975816576772493,0.043830313175917485
Brazil Terena,netmhc,6621.07,19850.03,0.019875095306993582,0.05958572226191262
Bulgaria Romani,mhcflurry,19885.27,33825.15,0.038888395633450805,0.06614975886979751
Bulgaria Romani,netmhc,12856.53,26019.5,0.0385926684157126,0.07810520691373442
Cameroon Baka Pygmy,mhcflurry,12305.19,20313.97,0.024064500862436493,0.03972677777299733
Cameroon Baka Pygmy,netmhc,5280.57,13899.26,0.015851189011028593,0.04172273019265521
Cameroon Beti,mhcflurry,15836.82,28805.8,0.030971091754637796,0.05633372576475235
Cameroon Beti,netmhc,7449.78,21877.98,0.022362712902315583,0.0656732125811235
Cameroon Sawa,mhcflurry,12914.67,21460.69,0.02525642329399893,0.04196934732527349
Cameroon Sawa,netmhc,5495.85,15145.28,0.016497415454441756,0.04546302689008027
Canada Chipewyan NA-DHS_2 (G),mhcflurry,33378.48,56873.94,0.06527623390998588,0.11122485538054766
Canada Chipewyan NA-DHS_2 (G),netmhc,27540.01,41014.4,0.08266946634087184,0.12311682386066869
Canada Cree NA-DHS_3 (G),mhcflurry,23539.11,46409.25,0.046033985082391045,0.09075970681070594
Canada Cree NA-DHS_3 (G),netmhc,19341.89,35140.32,0.058060390113287744,0.10548403945559444
Canada Ojibwa NA-DHS_4 (G),mhcflurry,22165.94,42439.89,0.04334856123690211,0.08299707436510202
Canada Ojibwa NA-DHS_4 (G),netmhc,19691.75,33451.44,0.059110598137686335,0.10041436779193959
Chile Easter Island,mhcflurry,14135.42,25122.46,0.027643768749682208,0.04913044498593896
Chile Easter Island,netmhc,9946.04,20150.95,0.029855973872375683,0.06048902243541638
Chile Huilliche NA-DHS_14 (G),mhcflurry,20705.1,35293.6,0.04049168658158336,0.06902151593258524
Chile Huilliche NA-DHS_14 (G),netmhc,18398.64,31988.78,0.055228946910252326,0.09602376220980145
China Beijing,mhcflurry,20604.09,34622.66,0.04029414755682107,0.06770939997105656
China Beijing,netmhc,12731.57,25899.62,0.038217564103333795,0.07774535172032876
China Canton Han,mhcflurry,17647.68,29016.19,0.03451247892799731,0.056745172506854506
China Canton Han,netmhc,10063.27,21304.02,0.030207874308836685,0.0639503022807639
China Guangdong Province Meizhou Han,mhcflurry,10108.2,18759.59,0.01976798307199487,0.03668697271102315
China Guangdong Province Meizhou Han,netmhc,5393.95,13169.99,0.0161915325364568,0.03953361109943746
China Guangzhou,mhcflurry,18231.71,28845.67,0.03565463036480477,0.05641169706380465
China Guangzhou,netmhc,10615.69,20656.97,0.0318661259433141,0.06200799077848554
China Guizhou Province Bouyei,mhcflurry,16009.55,23693.2,0.03130888915833239,0.046335329388159
China Guizhou Province Bouyei,netmhc,8855.14,15465.91,0.026581315626744793,0.0464254924444818
China Guizhou Province Miao pop 2,mhcflurry,16584.49,24207.66,0.03243326384298571,0.04734142706838085
China Guizhou Province Miao pop 2,netmhc,9278.29,15884.13,0.027851525212076823,0.0476809031801017
China Guizhou Province Shui,mhcflurry,16417.49,24361.46,0.03210667224675462,0.04764220423904158
China Guizhou Province Shui,netmhc,9302.42,16411.88,0.027923958527199266,0.04926510053011701
China Han HIV negative,mhcflurry,15308.82,27914.01,0.02993851473182332,0.05458970708449531
China Han HIV negative,netmhc,7702.25,19937.25,0.023120576104510498,0.05984753882821928
China Henan HIV negative,mhcflurry,15308.82,27914.01,0.02993851473182332,0.05458970708449531
China Henan HIV negative,netmhc,7702.25,19937.25,0.023120576104510498,0.05984753882821928
China Hubei Han,mhcflurry,18533.75,29742.74,0.03624531135717387,0.058166041514289855
China Hubei Han,netmhc,11112.92,21834.13,0.033358708507687594,0.06554158386715256
China Inner Mongolia Region,mhcflurry,18308.32,32510.65,0.03580445181502791,0.06357907232341564
China Inner Mongolia Region,netmhc,11559.19,24985.47,0.034698319595117884,0.07500126075393085
China Jingpo Minority,mhcflurry,16047.77,24016.16,0.03138363365418839,0.046966922333780525
China Jingpo Minority,netmhc,8306.1,16438.53,0.02493321005961565,0.04934509836882455
China Marrow Donor Registry,mhcflurry,18172.79,29294.85,0.03553940415612252,0.057290130675751255
China Marrow Donor Registry,netmhc,10769.22,21178.33,0.03232699154094148,0.06357300665798148
China North Han,mhcflurry,19053.51,32678.18,0.03726177392038987,0.06390670040794615
China North Han,netmhc,11713.02,25208.77,0.0351600857312673,0.07567156159383312
China Qinghai Province Hui,mhcflurry,18684.67,32824.37,0.03654045628952834,0.06419259517113791
China Qinghai Province Hui,netmhc,11551.76,25129.15,0.03467601625772212,0.07543255867008472
China Shanxi HIV negative,mhcflurry,22349.54,36867.35,0.04370761642892624,0.07209920170844562
China Shanxi HIV negative,netmhc,14712.0,29901.24,0.04416240912065415,0.08975739492216346
China Sichuan HIV negative,mhcflurry,16212.89,28310.82,0.03170654865041401,0.0553657239186298
China Sichuan HIV negative,netmhc,9967.96,20779.94,0.029921773220385788,0.06237712151866816
China South Han,mhcflurry,17231.21,26300.24,0.03369801424486938,0.05143375666383751
China South Han,netmhc,9594.69,18415.69,0.028801293173317647,0.05528012751625472
China Southwest Dai,mhcflurry,16048.5,23330.16,0.031385061270147965,0.04562535445944202
China Southwest Dai,netmhc,8270.66,14124.95,0.024826826442212444,0.042400205322783026
China Tibet Region Tibetan,mhcflurry,20058.71,35023.27,0.03922758154033895,0.06849284823073402
China Tibet Region Tibetan,netmhc,13616.34,27108.6,0.04087346233047363,0.08137446192823308
China Uyghur HIV negative,mhcflurry,21051.76,35781.85,0.04116962815493348,0.06997635633294351
China Uyghur HIV negative,netmhc,14989.03,29287.68,0.0449939964098531,0.08791561353689506
China Yunnan Bulang,mhcflurry,14606.28,21559.25,0.02856460059998983,0.04216209503619887
China Yunnan Bulang,netmhc,7799.46,14512.02,0.023412380603600954,0.043562110141864833
China Yunnan Hani,mhcflurry,16268.0,25002.35,0.03181432387717027,0.04889555326963167
China Yunnan Hani,netmhc,8706.45,16245.38,0.02613497871727293,0.04876530165038693
China Yunnan Province Han,mhcflurry,16656.4,25458.79,0.03257389379319516,0.04978818481564198
China Yunnan Province Han,netmhc,9356.87,16473.18,0.028087406268948834,0.049449110568119736
China Yunnan Province Lisu,mhcflurry,14603.6,25408.15,0.028559359489343728,0.04968915129209023
China Yunnan Province Lisu,netmhc,8296.61,17989.74,0.024904723024368573,0.054001512904717025
China Zhejiang Han,mhcflurry,18080.55,29319.57,0.03535901607925811,0.057338474054546666
China Zhejiang Han,netmhc,10546.4,21048.63,0.031658131562674476,0.0631836738369545
Colombia Arhuaco NA-DHS_16 (G),mhcflurry,8971.32,20718.62,0.017544657000598426,0.040518126811409975
Colombia Arhuaco NA-DHS_16 (G),netmhc,7728.53,15936.91,0.023199463279040867,0.0478393379240786
Colombia Bogota Cord Blood,mhcflurry,18872.97,34671.01,0.036908702981566156,0.0678039550828995
Colombia Bogota Cord Blood,netmhc,14159.8,28480.19,0.04250481788109289,0.08549169403303175
Colombia Embera NA-DHS_19 (G),mhcflurry,11314.82,18123.09,0.022127695358488058,0.0354422089325735
Colombia Embera NA-DHS_19 (G),netmhc,9709.28,15029.59,0.02914526887078473,0.04511574921803238
Colombia Inga NA-DHS_11 (G),mhcflurry,15509.1,29357.81,0.030330189970704538,0.05741325766316868
Colombia Inga NA-DHS_11 (G),netmhc,11236.69,22010.91,0.03373024068392899,0.06607224120023775
Colombia Kogi NA-DHS_17 (G),mhcflurry,12923.31,25082.72,0.02527332000891771,0.049052727919865764
Colombia Kogi NA-DHS_17 (G),netmhc,12220.38,20689.38,0.03668307647973488,0.06210527895681618
Colombia North Chimila Amerindians,mhcflurry,12009.28,20859.97,0.023485807932851203,0.040794556285225936
Colombia North Chimila Amerindians,netmhc,9641.01,17252.6,0.02894033632112003,0.05178876968427119
Colombia North Wiwa El Encanto,mhcflurry,13002.72,26767.25,0.025428617246383046,0.05234705930668711
Colombia North Wiwa El Encanto,netmhc,10685.37,23892.19,0.03207529102403237,0.07171945823602514
Colombia Waunana NA-DHS_20 (G),mhcflurry,13152.27,23547.88,0.025721082954265444,0.04605113603028893
Colombia Waunana NA-DHS_20 (G),netmhc,10618.02,17191.73,0.03187312012583525,0.05160605041815005
Colombia Wayuu NA-DHS_15 (G),mhcflurry,10152.46,22799.89,0.01985453962318761,0.04458833813768476
Colombia Wayuu NA-DHS_15 (G),netmhc,7661.97,18003.82,0.022999663798951773,0.05404377817935125
Colombia Zenu NA-DHS_18 (G),mhcflurry,12015.22,24556.87,0.023497424424357864,0.048024355519397974
Colombia Zenu NA-DHS_18 (G),netmhc,10519.44,19532.65,0.03157720316749416,0.05863301254149982
Colombia/Brazil Ticuna Arara NA-DHS_21 (G),mhcflurry,11311.42,20990.86,0.022121046188265388,0.04105052978241568
Colombia/Brazil Ticuna Arara NA-DHS_21 (G),netmhc,9386.93,16012.19,0.028177640228856857,0.04806531305720821
Colombia/Brazil Ticuna Tarapaca NA-DHS_22 (G),mhcflurry,14002.16,27805.19,0.0273831603897196,0.05437689452460388
Colombia/Brazil Ticuna Tarapaca NA-DHS_22 (G),netmhc,10696.14,20237.31,0.03210762035697347,0.060748257457959864
Costa Rica African -Caribbean (G),mhcflurry,14020.38,26216.17,0.0274187921195599,0.051269346151890514
Costa Rica African -Caribbean (G),netmhc,6288.93,19946.83,0.018878079091296598,0.05987629602502297
Costa Rica Amerindians (G),mhcflurry,18045.62,32177.38,0.03529070563341169,0.06292731674691303
Costa Rica Amerindians (G),netmhc,15047.8,26653.25,0.04517041190631998,0.08000759454153585
Costa Rica Cabecar NA-DHS_9 (G),mhcflurry,15099.21,25667.24,0.029528593387595777,0.05019583761944061
Costa Rica Cabecar NA-DHS_9 (G),netmhc,9720.12,19697.34,0.029177808329380973,0.059127378172146944
Costa Rica Central Valley Mestizo (G),mhcflurry,21668.7,38236.59,0.042376139648219784,0.07477693989541245
Costa Rica Central Valley Mestizo (G),netmhc,17197.59,33015.1,0.051623640937280495,0.09910456452958868
Costa Rica Guanacaste Mestizo (G),mhcflurry,17361.21,31844.72,0.03395224722397143,0.06227675410977389
Costa Rica Guanacaste Mestizo (G),netmhc,11198.01,25718.52,0.033614131250487796,0.07720172663252625
Costa Rica Guaymi NA-DHS_10 (G),mhcflurry,10211.9,21287.38,0.01997078276378627,0.04163041565136445
Costa Rica Guaymi NA-DHS_10 (G),netmhc,10180.59,19695.52,0.030560044906854298,0.05912191490511326
Czech Republic NMDR,mhcflurry,27855.07,45655.76,0.05447444176304704,0.08928615290744747
Czech Republic NMDR,netmhc,23355.53,38292.46,0.07010851489190535,0.1149461177784315
England Blood Donors of Mixed Ethnicity,mhcflurry,31894.08,49764.16,0.06237328441630064,0.09732069730239254
England Blood Donors of Mixed Ethnicity,netmhc,27316.71,42129.02,0.08199916550096958,0.1264626846854419
England North West,mhcflurry,31965.07,50059.76,0.06251211517927337,0.09789878398410458
England North West,netmhc,27445.26,42163.36,0.08238504625766208,0.1265657663282643
Finland,mhcflurry,34068.99,52729.69,0.06662662171306093,0.10312020135251945
Finland,netmhc,30532.98,44096.37,0.09165374894186723,0.13236826622320147
France Southeast,mhcflurry,25398.22,42272.27,0.04966973180376343,0.08266927027312444
France Southeast,netmhc,19932.65,35105.65,0.05983373057088139,0.1053799672203978
Gaza,mhcflurry,15857.16,27926.83,0.031010869437675764,0.05461477836751138
Gaza,netmhc,9798.84,22487.03,0.029414109637563263,0.06750145587061063
Georgia Tibilisi,mhcflurry,24030.62,38578.19,0.04699520086360987,0.07544498593896062
Georgia Tibilisi,netmhc,19477.41,33870.13,0.05846719338164222,0.101671189371244
Georgia Tibilisi Kurd,mhcflurry,16511.11,29817.91,0.03228975910447411,0.05831304684535986
Georgia Tibilisi Kurd,netmhc,9961.75,21757.18,0.029903132072979642,0.06531059573625028
Germany DKMS - Austria minority,mhcflurry,29290.54,46657.17,0.05728170187467488,0.09124454865823656
Germany DKMS - Austria minority,netmhc,24500.4,39351.86,0.07354518001765056,0.11812621947924859
Germany DKMS - Bosnia and Herzegovina minority,mhcflurry,27044.75,44508.98,0.05288974893515495,0.08704346601687325
Germany DKMS - Bosnia and Herzegovina minority,netmhc,22146.43,36756.53,0.06647904446859222,0.11033557067126142
Germany DKMS - China minority,mhcflurry,18150.27,31015.31,0.035495363181588836,0.06065472814671981
Germany DKMS - China minority,netmhc,10807.99,23009.82,0.03244337113593929,0.0690707643170616
Germany DKMS - Croatia minority,mhcflurry,27238.88,45224.9,0.05326939699848634,0.08844354658917124
Germany DKMS - Croatia minority,netmhc,22303.0,36942.73,0.0669490355232429,0.11089450491393854
Germany DKMS - France minority,mhcflurry,28548.97,46274.88,0.05583145917996175,0.09049692769222946
Germany DKMS - France minority,netmhc,23874.35,38831.98,0.07166590621191472,0.11656564625646137
Germany DKMS - German donors,mhcflurry,30437.94,48160.14,0.05952560126099558,0.09418381435516739
Germany DKMS - German donors,netmhc,26009.63,40727.73,0.07807557919635942,0.12225629926696165
Germany DKMS - Greece minority,mhcflurry,23272.89,39216.3,0.04551335505395606,0.07669289829507453
Germany DKMS - Greece minority,netmhc,18066.09,32641.5,0.054230699958575226,0.09798309389014631
Germany DKMS - Italy minority,mhcflurry,23646.75,39759.75,0.04624448998908754,0.07775568992963613
Germany DKMS - Italy minority,netmhc,18274.93,33363.13,0.054857594841715346,0.10014927926900286
Germany DKMS - Netherlands minority,mhcflurry,31699.47,49167.41,0.06199269764658487,0.09615367014639908
Germany DKMS - Netherlands minority,netmhc,27466.95,41948.82,0.0824501551928053,0.1259217612132055
Germany DKMS - Portugal minority,mhcflurry,25862.78,42359.28,0.050578243132776105,0.08283943036167575
Germany DKMS - Portugal minority,netmhc,20500.74,35611.27,0.06153902033415983,0.10689773484543756
Germany DKMS - Romania minority,mhcflurry,26667.82,43896.55,0.052152610190440055,0.0858457744523235
Germany DKMS - Romania minority,netmhc,21968.42,36697.31,0.06594469492756667,0.11015780436701146
Germany DKMS - Spain minority,mhcflurry,26594.56,43271.25,0.05200934012852455,0.08462291382284264
Germany DKMS - Spain minority,netmhc,21347.19,36466.95,0.0640798897740849,0.10946631085389062
Germany DKMS - Turkey minority,mhcflurry,21014.13,36332.46,0.041096037485674954,0.07105315033773874
Germany DKMS - Turkey minority,netmhc,15864.28,30226.42,0.04762131754789364,0.09073351864414919
Germany DKMS - United Kingdom minority,mhcflurry,31220.6,48727.33,0.061056201133487954,0.09529303284298962
Germany DKMS - United Kingdom minority,netmhc,26866.62,41574.45,0.0806480875563587,0.12479797919155654
Germany pop 6,mhcflurry,31190.89,48845.57,0.06099809911957164,0.09552426751567444
Germany pop 6,netmhc,26813.25,41472.95,0.08048788175328847,0.12449329699160097
Germany pop 8,mhcflurry,29220.1,46805.85,0.057143946712767575,0.09153531296079727
Germany pop 8,netmhc,24717.69,39506.34,0.07419744006916136,0.11858993678219575
Ghana Ga-Adangbe,mhcflurry,14518.12,27002.77,0.028392191527392627,0.05280765123928799
Ghana Ga-Adangbe,netmhc,6502.88,20432.96,0.019520313147262065,0.061335558664081115
Greece pop 6,mhcflurry,22795.59,38173.41,0.04457992889299139,0.07465338266756888
Greece pop 6,netmhc,17578.2,31779.04,0.052766154160187796,0.09539416571109524
Greece pop 8,mhcflurry,24046.45,41177.49,0.047026158617911304,0.08052827657419105
Greece pop 8,netmhc,18191.75,33160.53,0.05460790552750545,0.0995411155871211
Guatemala Kaqchikel NA-DHS_8 (G),mhcflurry,16097.87,33661.65,0.03148161113305772,0.06583001200761918
Guatemala Kaqchikel NA-DHS_8 (G),netmhc,13837.19,28558.79,0.041536408772445924,0.08572763512580524
Hong Kong Chinese BMDR,mhcflurry,18289.33,30037.63,0.035767314243696,0.05874273969280834
Hong Kong Chinese BMDR,netmhc,10067.88,21710.86,0.030221712584125305,0.0651715525884479
Hong Kong Chinese HKBMDR HLA 11 loci,mhcflurry,16821.97,26004.3,0.032897688826656134,0.050855005065103195
Hong Kong Chinese HKBMDR HLA 11 loci,netmhc,9249.56,17838.27,0.02776528363961649,0.053546831004940953
India Andhra Pradesh Telugu Speaking,mhcflurry,17994.76,31024.68,0.03519124186943376,0.06067305247759816
India Andhra Pradesh Telugu Speaking,netmhc,10511.98,23395.62,0.031554809776246195,0.07022885685640012
India Karnataka Kannada Speaking,mhcflurry,18193.37,30759.2,0.03557965119235267,0.06015386962150576
India Karnataka Kannada Speaking,netmhc,11446.69,24847.79,0.034360617649354316,0.07458797360821771
India Kerala Malayalam speaking,mhcflurry,17925.08,31275.51,0.03505497299263507,0.06116358523258406
India Kerala Malayalam speaking,netmhc,10762.0,24469.71,0.032305318580511146,0.07345305492684626
India Khandesh Region Pawra,mhcflurry,15103.95,27986.62,0.0295378631131415,0.054731705981515305
India Khandesh Region Pawra,netmhc,6700.62,16017.93,0.020113888105086842,0.04808254336092984
India Mumbai Maratha,mhcflurry,15273.88,25881.65,0.02987018472959389,0.05061514602751192
India Mumbai Maratha,netmhc,7910.18,19205.5,0.023744739354133772,0.057650975283219365
India New Delhi,mhcflurry,18434.04,31925.12,0.0360503146622026,0.062433987429157
India New Delhi,netmhc,11497.72,24062.79,0.034513799251952665,0.07223156447555638
India Tamil Nadu,mhcflurry,20226.96,33841.79,0.03955661768444602,0.06618230069112258
India Tamil Nadu,netmhc,12337.58,26098.88,0.03703488686234368,0.07834348940666519
India Tamil Nadu Nadar,mhcflurry,23445.3,41011.51,0.0458505266533944,0.08020367972902676
India Tamil Nadu Nadar,netmhc,18765.73,33197.95,0.05633087586376653,0.09965344275876974
India West Coast Parsi,mhcflurry,4981.13,12143.17,0.009741288609189153,0.023747648344943306
India West Coast Parsi,netmhc,2086.01,7010.05,0.006261774541175624,0.02104273355466569
Iran Baloch,mhcflurry,14176.28,28480.47,0.027723676130652283,0.05569749795635798
Iran Baloch,netmhc,7504.8,21559.16,0.022527871667257022,0.06471618027580493
Iran Gorgan,mhcflurry,12939.58,26510.35,0.025305138244071483,0.051844655827215445
Iran Gorgan,netmhc,8720.05,22124.01,0.026175803130271902,0.06641174422304538
Ireland Northern,mhcflurry,32062.94,49048.34,0.06270351349977119,0.0959208122939246
Ireland Northern,netmhc,27890.71,42590.73,0.08372219587313214,0.1278486434888063
Ireland South,mhcflurry,31234.46,49819.25,0.061083306280336834,0.09742843341638277
Ireland South,netmhc,27239.17,42330.65,0.08176640631097395,0.1270679366261024
Israel Arab Druze,mhcflurry,14903.14,29890.99,0.02914515138596086,0.05845596489238123
Israel Arab Druze,netmhc,10222.99,24639.43,0.030687321017968745,0.07396251958671285
Israel Ashkenazi and Non Ashkenazi Jews,mhcflurry,13540.66,28083.55,0.026480633313907327,0.054921266002010395
Israel Ashkenazi and Non Ashkenazi Jews,netmhc,8412.14,21474.37,0.025251520409204704,0.06446165807152678
Italy pop 5,mhcflurry,21777.26,38073.14,0.042588443742152995,0.07445729081514915
Italy pop 5,netmhc,16662.66,31806.46,0.05001789069863778,0.09547647493200934
Japan Central,mhcflurry,18959.27,32686.24,0.037077474566923896,0.06392246285265048
Japan Central,netmhc,12290.18,24572.76,0.03689260177586197,0.07376238990916567
Japan pop 16,mhcflurry,18762.74,32186.48,0.03669313297167063,0.06294511305545017
Japan pop 16,netmhc,12011.88,24012.24,0.036057202206919735,0.07207982373459329
Japan pop 3,mhcflurry,18682.45,32156.07,0.0365361147725006,0.06288564209472329
Japan pop 3,netmhc,11955.61,23885.85,0.03588829119813649,0.07170042685525944
Japan pop 5,mhcflurry,18712.49,31434.21,0.03659486214705618,0.06147394503091864
Japan pop 5,netmhc,11479.07,23275.92,0.03445781577383275,0.06986954198610769
Kenya,mhcflurry,13087.6,23896.27,0.025594611825353678,0.04673246085789941
Kenya,netmhc,5378.93,16654.35,0.016146445574453525,0.049992945781577376
Kenya Luo,mhcflurry,13469.55,24841.86,0.026341567874338504,0.048581692878738696
Kenya Luo,netmhc,5845.1,17857.08,0.01754579238384554,0.053603294770272626
Kenya Nandi,mhcflurry,14775.11,25615.26,0.02889477101431136,0.0500941835405658
Kenya Nandi,netmhc,6655.94,18537.18,0.01997976790120492,0.05564481559972864
Kosovo,mhcflurry,25590.48,41031.52,0.050045722823472354,0.08024281205142546
Kosovo,netmhc,20694.27,35217.18,0.06211995773472537,0.10571475742494012
Malaysia Peninsular Chinese,mhcflurry,16386.82,27313.71,0.03204669282006954,0.053415737412534074
Malaysia Peninsular Chinese,netmhc,8625.02,19018.17,0.025890542544441578,0.057088649012109235
Malaysia Peninsular Indian,mhcflurry,18121.22,31846.39,0.035438551888951036,0.062280020025736196
Malaysia Peninsular Indian,netmhc,10666.43,24093.29,0.03201843702534116,0.07232311922529673
Malaysia Peninsular Malay,mhcflurry,12681.06,22977.45,0.024799566630552546,0.044935581274372145
Malaysia Peninsular Malay,netmhc,5749.28,15863.84,0.017258160379907184,0.04761999675806132
Mali Bandiagara,mhcflurry,14983.43,25252.79,0.02930216958513089,0.04938532332568027
Mali Bandiagara,netmhc,6487.37,17702.99,0.01947375530567279,0.05314074816740411
Mexico Chiapas Lacandon Mayans,mhcflurry,14290.5,28220.05,0.027947049137367945,0.05518821063006755
Mexico Chiapas Lacandon Mayans,netmhc,11658.71,23387.24,0.034997058240828015,0.07020370181368459
Mexico Chihuahua Tarahumara,mhcflurry,19275.15,41290.5,0.03769522159337586,0.08074928325856276
Mexico Chihuahua Tarahumara,netmhc,15997.66,30344.09,0.048021696974790924,0.09108673987044252
Mexico Hidalgo Mezquital Valley/ Otomi,mhcflurry,21540.3,36286.16,0.042125035690398986,0.0709626042844124
Mexico Hidalgo Mezquital Valley/ Otomi,netmhc,18575.6,31804.89,0.05576014456645073,0.09547176211374402
Mexico Mexico City Mestizo pop 2,mhcflurry,16183.99,31853.73,0.03165003070352132,0.06229437441086396
Mexico Mexico City Mestizo pop 2,netmhc,12219.93,26853.74,0.036681725671951826,0.08060942443581262
Mexico Mexico City Mestizo population,mhcflurry,17380.19,32079.59,0.03398936523892033,0.06273607487747926
Mexico Mexico City Mestizo population,netmhc,13231.54,27718.54,0.039718371586208556,0.08320537681533557
Mexico Mixe NA-DHS_6 (G),mhcflurry,10851.24,28599.71,0.02122110055501015,0.05593068826734358
Mexico Mixe NA-DHS_6 (G),netmhc,7255.11,23350.78,0.021778353455366307,0.07009425636530645
Mexico Mixtec NA-DHS_5 (G),mhcflurry,9481.01,20619.05,0.01854142628612553,0.04032340390580081
Mexico Mixtec NA-DHS_5 (G),netmhc,6530.49,17328.58,0.019603192709240123,0.05201684607395223
Mexico Oaxaca Mixe,mhcflurry,10855.27,27507.43,0.021228981777362314,0.05379458366416215
Mexico Oaxaca Mixe,netmhc,7253.27,22976.48,0.021772830152431154,0.06897068446931265
Mexico Oaxaca Mixtec,mhcflurry,16383.57,31048.9,0.03204033699559199,0.06072041803724318
Mexico Oaxaca Mixtec,netmhc,14155.06,27153.88,0.04249058937244472,0.08151038320915908
Mexico Oaxaca Zapotec,mhcflurry,15380.08,29297.42,0.030077873517137258,0.057295156666184274
Mexico Oaxaca Zapotec,netmhc,12456.18,26047.48,0.03739089975805532,0.07818919713988966
Mexico Zapotec NA-DHS_7 (G),mhcflurry,11978.47,27632.57,0.023425554716804017,0.05403931224112238
Mexico Zapotec NA-DHS_7 (G),netmhc,7194.23,23428.54,0.021595604171294434,0.07032767595021823
Morocco Atlantic Coast Chaouya,mhcflurry,18433.78,32123.02,0.03604980619624439,0.06282100824888236
Morocco Atlantic Coast Chaouya,netmhc,12150.37,26528.83,0.03647292080664238,0.07963411119849671
Morocco Nador Metalsa pop 2,mhcflurry,18892.9,34191.47,0.0369476788529008,0.06686614829214108
Morocco Nador Metalsa pop 2,netmhc,13461.39,27636.93,0.04040833418384194,0.082960400319391
Morocco Settat Chaouya,mhcflurry,18433.78,32123.02,0.03604980619624439,0.06282100824888236
Morocco Settat Chaouya,netmhc,12150.37,26528.83,0.03647292080664238,0.07963411119849671
Netherlands Leiden,mhcflurry,31662.21,48616.47,0.06191983056349762,0.0950762307809646
Netherlands Leiden,netmhc,27440.37,41985.9,0.08237036747975289,0.12603306777452916
Netherlands UMCU,mhcflurry,32534.62,49175.42,0.06362594897348546,0.09616933480918836
Netherlands UMCU,netmhc,28905.67,42969.01,0.08676889780088493,0.12898416252919245
New Caledonia,mhcflurry,13834.6,22825.4,0.027055473636040068,0.044638226470737785
New Caledonia,netmhc,9773.35,16733.84,0.029337593881140923,0.05023155847196624
New Zealand Maori with Admixed History,mhcflurry,15088.66,27644.96,0.029507961403522496,0.054063542599669105
New Zealand Maori with Admixed History,netmhc,9373.68,20877.16,0.028137866444133592,0.06266895603570935
New Zealand Maori with Full Ancestry,mhcflurry,12231.5,20912.41,0.023920389876051645,0.0408971099577191
New Zealand Maori with Full Ancestry,netmhc,6679.95,14771.02,0.020051841000918547,0.044339575065889404
New Zealand Polynesians with Admixed History,mhcflurry,16182.81,30693.06,0.0316477230503264,0.06002452370429184
New Zealand Polynesians with Admixed History,netmhc,9758.63,21619.04,0.029293407457659678,0.06489592776480335
New Zealand Polynesians with Full Ancestry,mhcflurry,16103.79,30278.76,0.031493188511798366,0.05921430275627662
New Zealand Polynesians with Full Ancestry,netmhc,9581.77,20413.7,0.02876250998096862,0.0612777440909664
Nicaragua Managua,mhcflurry,17656.66,34139.75,0.03453004055993836,0.06676500267922447
Nicaragua Managua,netmhc,13147.65,28106.49,0.039466550997496505,0.08436992321408203
Nicaragua Mestizo (G),mhcflurry,17769.95,34234.21,0.03475159482303429,0.06694973227311662
Nicaragua Mestizo (G),netmhc,12854.92,27659.75,0.038587835525644335,0.08302890128296722
Panama,mhcflurry,18354.78,33095.51,0.03589531077048237,0.06472284694001275
Panama,netmhc,13230.91,27134.74,0.03971648045531228,0.08145292885145318
Papua New Guinea East New Britain Rabaul,mhcflurry,12915.7,20440.34,0.02525843760144874,0.039973911785067526
Papua New Guinea East New Britain Rabaul,netmhc,7073.91,13477.0,0.02123442818805646,0.04045519220493855
Papua New Guinea Eastern Highlands Goroka Asaro,mhcflurry,12434.51,19072.14,0.024317404007494006,0.0372982074619335
Papua New Guinea Eastern Highlands Goroka Asaro,netmhc,9322.84,13543.83,0.027985255182599193,0.040655802169697476
Papua New Guinea Karimui Plateau Pawaia,mhcflurry,16292.82,27436.35,0.03186286281979575,0.05365557689374235
Papua New Guinea Karimui Plateau Pawaia,netmhc,12900.3,18989.83,0.03872405698607767,0.05700357813972756
Papua New Guinea Madang,mhcflurry,14123.84,20265.76,0.02762112245815912,0.03963249645051648
Papua New Guinea Madang,netmhc,7330.28,11643.4,0.02200399839103784,0.03495110075825343
Papua New Guinea West Schrader Ranges Haruai,mhcflurry,11184.44,18997.71,0.02187271923683171,0.037152649303206074
Papua New Guinea West Schrader Ranges Haruai,netmhc,4785.38,10970.94,0.014364730108604945,0.03293251364315861
Papua New Guinea Wosera Abelam,mhcflurry,19428.84,31359.34,0.03799578364382351,0.06132752639133887
Papua New Guinea Wosera Abelam,netmhc,11242.13,18375.15,0.03374657044912858,0.0551584347439769
Paraguay/Argentina Ache NA-DHS_24 (G),mhcflurry,14759.19,20882.24,0.028863637252562864,0.04083810835018442
Paraguay/Argentina Ache NA-DHS_24 (G),netmhc,13418.36,17607.82,0.040279166941831215,0.052855067330263496
Paraguay/Argentina Guarani NA-DHS_23 (G),mhcflurry,11793.56,28339.25,0.023063937638605862,0.05542132271552112
Paraguay/Argentina Guarani NA-DHS_23 (G),netmhc,6621.08,23075.38,0.019875125324944315,0.06926756200207725
Philippines Ivatan,mhcflurry,17400.54,32525.69,0.034029162478341306,0.06360848512345944
Philippines Ivatan,netmhc,10742.88,23669.21,0.032247924258706706,0.07105011797054639
Poland,mhcflurry,24347.08,43027.42,0.047614082160276294,0.08414607053596222
Poland,netmhc,19806.03,35044.16,0.05945364327868065,0.10519538684133113
Poland BMR,mhcflurry,27736.53,46154.93,0.05424262039887198,0.0902623488780503
Poland BMR,netmhc,23166.82,38253.3,0.06954204614359387,0.11482856748335506
Poland DKMS,mhcflurry,28589.73,47313.92,0.055911170997101745,0.09252891411227711
Poland DKMS,netmhc,23952.18,38801.76,0.07189953592248165,0.11647493200934159
Portugal Azores Terceira Island,mhcflurry,24016.67,39557.5,0.04696791970931392,0.07736016208330238
Portugal Azores Terceira Island,netmhc,18740.17,33864.0,0.056254149981689046,0.10165278836744374
Russia Belgorod region,mhcflurry,25134.38,43667.4,0.04915375619448432,0.08539763993569861
Russia Belgorod region,netmhc,20635.01,36042.2,0.06194207135867248,0.10819129839644107
Russia Bering Island Aleuts,mhcflurry,27344.8,44911.93,0.05347653820730548,0.08783149047017456
Russia Bering Island Aleuts,netmhc,22246.83,36652.6,0.066780424693967,0.11002359410927734
Russia Karelia,mhcflurry,29796.16,48475.08,0.058270511712317785,0.09479972308161662
Russia Karelia,netmhc,25235.35,39928.48,0.07575134930688551,0.1198571145545036
Russia Tundra Nentsi NA-DHS_1 (G),mhcflurry,22448.4,41887.54,0.043900950831341844,0.08191687754966344
Russia Tundra Nentsi NA-DHS_1 (G),netmhc,17508.46,33797.58,0.052556808971765116,0.10145340913866492
Russia Tuva pop 2,mhcflurry,20411.99,36286.27,0.039918469439240274,0.07096281940462547
Russia Tuva pop 2,netmhc,14253.97,28639.44,0.04278749692316005,0.08596972989847929
Saudi Arabia Guraiat and Hail,mhcflurry,17473.3,32292.47,0.03417145472110642,0.06315239115895037
Saudi Arabia Guraiat and Hail,netmhc,11631.29,26656.99,0.03491474901991391,0.08001882125511056
Saudi Arabia pop 6 (G),mhcflurry,17802.21,32368.77,0.034814683714617614,0.06330160636130026
Saudi Arabia pop 6 (G),netmhc,11312.08,26105.74,0.033956546014516684,0.07836408172086909
Singapore Javaneses,mhcflurry,13683.46,24339.26,0.02675989846325942,0.04759878906876415
Singapore Javaneses,netmhc,6348.29,16969.25,0.01905626564685682,0.05093821105020802
Singapore Riau Malay,mhcflurry,11838.04,22472.1,0.023150924430224783,0.043947299459070444
Singapore Riau Malay,netmhc,4947.09,15372.5,0.01485015038993318,0.04614509476667047
Singapore SGVP Chinese CHS,mhcflurry,18401.34,28457.23,0.035986365289766925,0.05565204892224773
Singapore SGVP Chinese CHS,netmhc,10249.45,20116.67,0.030766748515612338,0.06038612090029837
Singapore SGVP Malay MAS,mhcflurry,12971.77,24694.99,0.02536809024097375,0.048294468281502405
Singapore SGVP Malay MAS,netmhc,6083.32,17704.19,0.01826088000624373,0.05314435032149225
Singapore SGVP. Indian INS,mhcflurry,21152.42,33967.19,0.0413664827062905,0.06642753773404102
Singapore SGVP. Indian INS,netmhc,12170.86,25756.22,0.03653442758769745,0.07731489430679547
Singapore Thai,mhcflurry,13644.73,22145.3,0.02668415659187002,0.04330819686237391
Singapore Thai,netmhc,6875.36,14372.81,0.02063842177622218,0.04314423024968931
South Africa Caucasians,mhcflurry,29221.42,47740.23,0.057146528155324616,0.09336262227628477
South Africa Caucasians,netmhc,24747.57,39961.62,0.07428713370595616,0.11995659404323786
South Africa Natal Tamil,mhcflurry,18862.34,31451.51,0.036887914546428806,0.061507777573522215
South Africa Natal Tamil,netmhc,10527.09,22539.95,0.03160016689980608,0.06766031086589781
South Africa Worcester,mhcflurry,14923.84,29971.17,0.029185633098787113,0.05861276797133816
South Africa Worcester,netmhc,7903.94,22073.72,0.023726008152875417,0.06626078394880139
South African Black,mhcflurry,11958.67,23219.49,0.023386833078448476,0.04540892396869414
South African Black,netmhc,5461.62,17196.26,0.01639466400907743,0.051619648549832794
South African Indian population,mhcflurry,17458.95,29601.33,0.03414339131149016,0.057889494702175845
South African Indian population,netmhc,9610.49,22288.27,0.028848721535478215,0.06690481908181092
South African Mixed ancestry,mhcflurry,19191.32,37300.76,0.037531280434621055,0.07294679490438885
South African Mixed ancestry,netmhc,12380.46,28345.36,0.03716360383509338,0.08508696200327796
South Korea pop 3,mhcflurry,18392.5,34004.4,0.03596907744718799,0.06650030703521323
South Korea pop 3,netmhc,11484.13,24968.72,0.034473004856904424,0.0749509806864505
Sri Lanka Colombo,mhcflurry,19016.16,32223.53,0.037188730829855556,0.06301756945449424
Sri Lanka Colombo,netmhc,10696.73,23990.43,0.03210939141606681,0.07201435458404126
Taiwan Ami,mhcflurry,14372.41,21866.91,0.028107235470585246,0.04276376671581838
Taiwan Ami,netmhc,9691.88,15991.38,0.029093037636506627,0.048002845701729635
Taiwan Atayal,mhcflurry,16403.64,25362.58,0.032079586656288746,0.049600032854723454
Taiwan Atayal,netmhc,11808.04,19007.25,0.03544531629914689,0.057055869409907124
Taiwan Bunun,mhcflurry,16399.67,23919.23,0.03207182277223462,0.046777362313285435
Taiwan Bunun,netmhc,10764.45,17168.97,0.032312672978441107,0.05153772956227825
Taiwan Hakka,mhcflurry,17236.06,25842.08,0.033707499090628194,0.05053776141994986
Taiwan Hakka,netmhc,9763.62,17639.0,0.02930838641507622,0.052948663300653794
Taiwan Han Chinese,mhcflurry,18088.01,28109.32,0.035373605140981965,0.05497166280102162
Taiwan Han Chinese,netmhc,10642.67,19768.45,0.03194711437439589,0.059340835819820255
Taiwan Minnan pop 1,mhcflurry,18311.89,27959.49,0.03581143344376171,0.05467864951441501
Taiwan Minnan pop 1,netmhc,10511.16,19447.52,0.031552348304285965,0.05837746972689668
Taiwan Paiwan,mhcflurry,18450.89,27170.53,0.03608326716757082,0.05313572912062768
Taiwan Paiwan,netmhc,12958.25,20105.41,0.03889801101058433,0.060352320687771285
Taiwan Pazeh,mhcflurry,17060.38,26811.24,0.033363932553946284,0.05243308783553864
Taiwan Pazeh,netmhc,9621.27,17679.14,0.02888108088637005,0.05306915535490223
Taiwan Puyuma,mhcflurry,15029.36,23178.5,0.029391992052285945,0.045328762354744964
Taiwan Puyuma,netmhc,9165.04,15221.36,0.02751157192000817,0.04569140345926864
Taiwan Rukai,mhcflurry,17252.6,26494.37,0.033739845348123174,0.0518134047271689
Taiwan Rukai,netmhc,11644.82,19366.49,0.034955363307257736,0.058134234272094715
Taiwan Saisiat,mhcflurry,17069.1,26216.8,0.033380985719929125,0.051270578204020006
Taiwan Saisiat,netmhc,13977.27,21481.39,0.04195690022633535,0.06448273067294241
Taiwan Siraya,mhcflurry,19033.05,30413.84,0.037221761560755816,0.05947847037794666
Taiwan Siraya,netmhc,11777.38,20144.49,0.03535328126219479,0.060469630839241874
Taiwan Tao,mhcflurry,13714.78,25433.78,0.02682114905484001,0.04973927430173934
Taiwan Tao,netmhc,7901.14,16386.89,0.023717603126669748,0.04919008567123139
Taiwan Taroko,mhcflurry,17016.56,29280.52,0.03327823648360589,0.05726210637890101
Taiwan Taroko,netmhc,12779.34,23143.45,0.03836095985399269,0.06947189419272726
Taiwan Thao,mhcflurry,16638.94,25151.35,0.03253974834846345,0.04918694337644863
Taiwan Thao,netmhc,10855.88,18639.93,0.032587127102007,0.055953250043526026
Taiwan Tsou,mhcflurry,16652.9,25293.35,0.032567049059142414,0.049464644015160104
Taiwan Tsou,netmhc,12442.9,18399.13,0.03735103591947985,0.055230417789838324
Taiwan pop 2,mhcflurry,18524.85,28929.41,0.03622790617629688,0.05657546221511239
Taiwan pop 2,netmhc,10988.41,21029.52,0.03298495500309185,0.06312630953310079
Tanzania Maasai,mhcflurry,12294.26,24536.8,0.024043125735808912,0.04798510585870122
Tanzania Maasai,netmhc,5851.15,18915.33,0.017563953244039934,0.056779944406755246
USA African American,mhcflurry,17923.21,32554.36,0.0350513159490126,0.06366455327354295
USA African American,netmhc,9298.04,24707.31,0.02791081066477754,0.07416628143629891
USA African American Bethesda,mhcflurry,17864.4,31303.33,0.034936304860543436,0.0612179910901119
USA African American Bethesda,netmhc,9771.23,24829.86,0.029331230075585198,0.07453415142255068
USA African American pop 3,mhcflurry,16011.56,30019.94,0.031312819991316965,0.058708144451267444
USA African American pop 3,netmhc,7888.5,22711.44,0.02367966043694129,0.06817508870304442
USA African American pop 4,mhcflurry,17257.7,30881.3,0.03374981910345718,0.06039265305803161
USA African American pop 4,netmhc,8825.52,23622.92,0.02649240245666909,0.0709111648765962
USA Alaska Yupik,mhcflurry,18112.7,39675.84,0.03542188985062835,0.07759159231981726
USA Alaska Yupik,netmhc,15065.54,25010.12,0.04522366375092306,0.07507525500249149
USA Arizona Gila River Amerindian,mhcflurry,17850.48,38277.97,0.03490908237539651,0.07485786420829894
USA Arizona Gila River Amerindian,netmhc,15840.69,29682.56,0.04755050520211086,0.08910096237550055
USA Arizona Gila River Pima,mhcflurry,15917.59,38748.41,0.0311290486601922,0.07577787469052025
USA Arizona Gila River Pima,netmhc,14228.09,28395.77,0.04270981046665906,0.08523828249293078
USA Asian,mhcflurry,17983.35,30432.76,0.035168928036421805,0.05951547105459751
USA Asian,netmhc,10417.22,21569.65,0.0312703596750857,0.06474766910612546
USA Asian pop 2,mhcflurry,18016.05,30832.57,0.03523287740885748,0.06029735480363436
USA Asian pop 2,netmhc,10614.56,22609.05,0.0318627339148811,0.06786773490547347
USA Caucasian Bethesda,mhcflurry,28978.04,47500.72,0.056670564905679566,0.09289422734686374
USA Caucasian Bethesda,netmhc,24528.41,39678.05,0.073629260297658,0.11910537501425854
USA Caucasian pop 2,mhcflurry,29214.22,46056.91,0.057132447559558965,0.09007065721180736
USA Caucasian pop 2,netmhc,24533.16,39506.63,0.0736435188242569,0.11859080730276704
USA Caucasian pop 4,mhcflurry,31161.94,48916.3,0.06094148339076391,0.09566258981268896
USA Caucasian pop 4,netmhc,26897.85,41490.41,0.08074183361650267,0.1245457083335835
USA Eastern European,mhcflurry,27471.7,45658.62,0.0537247087076751,0.08929174603298771
USA Eastern European,netmhc,22879.8,37840.74,0.06868047092161113,0.1135901469078509
USA Hawaii Okinawa,mhcflurry,17348.65,29199.13,0.03392768440691357,0.05710293697760012
USA Hawaii Okinawa,netmhc,12513.37,23349.58,0.03756257241830615,0.07009065421121831
USA Hispanic,mhcflurry,21792.24,39366.54,0.04261773920389876,0.07698671339338446
USA Hispanic,netmhc,15880.19,31313.91,0.047669076107512295,0.0939979407685796
USA Hispanic pop 2,mhcflurry,20221.18,36526.63,0.03954531409506749,0.07143287662660215
USA Hispanic pop 2,netmhc,14782.91,29763.94,0.04437526640931277,0.08934524845857822
USA Italy Ancestry,mhcflurry,26886.89,44249.51,0.052581031872993025,0.08653603654696856
USA Italy Ancestry,netmhc,21864.32,37209.87,0.06563220806042012,0.11169640444986102
USA Mexican American Mestizo,mhcflurry,20048.45,37162.77,0.0392075166913729,0.07267693637526351
USA Mexican American Mestizo,netmhc,14885.55,29907.41,0.044683370655652074,0.08977591599776666
USA NMDP African,mhcflurry,16590.38,29791.02,0.032444782552577336,0.05826045973145175
USA NMDP African,netmhc,8050.52,22430.09,0.024166011274742296,0.06733053365912815
USA NMDP African American pop 2,mhcflurry,17307.63,31112.01,0.033847464123815375,0.06084383837040571
USA NMDP African American pop 2,netmhc,8775.48,23676.05,0.026342192631193452,0.07107065024884882
USA NMDP Alaska Native or Aleut,mhcflurry,27099.29,48736.43,0.05299640944807976,0.09531082915152676
USA NMDP Alaska Native or Aleut,netmhc,21906.06,36270.73,0.0657575029867861,0.10887729862457751
USA NMDP American Indian South or Central America,mhcflurry,27059.99,45393.21,0.05291955286285891,0.08877270007157637
USA NMDP American Indian South or Central America,netmhc,22253.42,37340.25,0.06680020652350105,0.11208777849153793
USA NMDP Caribean Black,mhcflurry,16855.34,30166.35,0.03296294847675333,0.05899446945488538
USA NMDP Caribean Black,netmhc,8277.5,22766.39,0.024847358720514866,0.06834003734233071
USA NMDP Caribean Hispanic,mhcflurry,21228.19,36910.56,0.041514661420340986,0.07218370483942253
USA NMDP Caribean Hispanic,netmhc,14864.54,29693.15,0.04462030294115882,0.08913275138532843
USA NMDP Caribean Indian,mhcflurry,20409.39,35679.41,0.03991338477965823,0.0697760207454111
USA NMDP Caribean Indian,netmhc,13553.65,28103.72,0.04068527979731879,0.08436160824172856
USA NMDP Chinese,mhcflurry,17969.42,28443.82,0.03514168599489187,0.05562582381263421
USA NMDP Chinese,netmhc,10325.29,20209.64,0.030994404653983086,0.060665197788277385
USA NMDP European Caucasian,mhcflurry,30592.93,48339.16,0.05982870564123424,0.09453391272377391
USA NMDP European Caucasian,netmhc,26046.78,40810.4,0.07818709588333823,0.12250445766568409
USA NMDP Filipino,mhcflurry,14089.82,25392.04,0.027554591643166412,0.04965764595906458
USA NMDP Filipino,netmhc,7578.07,17597.6,0.02274781319228899,0.052824388984612794
USA NMDP Hawaiian or other Pacific Islander,mhcflurry,16502.45,30170.87,0.03227282327678931,0.059003308940004925
USA NMDP Hawaiian or other Pacific Islander,netmhc,10188.17,22797.63,0.03058279851351108,0.06843381342042541
USA NMDP Hispanic South or Central American,mhcflurry,21008.57,37382.47,0.041085164136722585,0.07310659010994598
USA NMDP Hispanic South or Central American,netmhc,15681.81,30786.36,0.0470735800008405,0.092414343777579
USA NMDP Japanese,mhcflurry,19040.82,33449.84,0.037236956870352916,0.06541578825912989
USA NMDP Japanese,netmhc,12610.92,25541.53,0.03785539752772158,0.07667043892247563
USA NMDP Korean,mhcflurry,19036.17,35036.8,0.03722786315225426,0.06851930801694366
USA NMDP Korean,netmhc,12256.17,26017.01,0.0367905107254138,0.0780977324440015
USA NMDP Mexican or Chicano,mhcflurry,21641.86,38669.26,0.042323650316226716,0.07562308591901311
USA NMDP Mexican or Chicano,netmhc,16553.54,31674.64,0.0496903348202225,0.09508077830542665
USA NMDP Middle Eastern or North Coast of Africa,mhcflurry,22219.16,37940.25,0.04345264030726989,0.07419740604135784
USA NMDP Middle Eastern or North Coast of Africa,netmhc,16587.76,31418.15,0.04979305624763608,0.09431084788703645
USA NMDP North American Amerindian,mhcflurry,28285.0,47491.16,0.05531522933770353,0.09287553144470824
USA NMDP North American Amerindian,netmhc,23891.03,38655.13,0.07171597615373994,0.11603477879772103
USA NMDP South Asian Indian,mhcflurry,20363.2,33825.14,0.03982305384654498,0.0661497393134145
USA NMDP South Asian Indian,netmhc,12535.35,25894.59,0.037628551874020665,0.07773025269110928
USA NMDP Southeast Asian,mhcflurry,19290.47,32001.05,0.03772518197214389,0.0625824790453356
USA NMDP Southeast Asian,netmhc,11405.06,24058.03,0.034235652920446426,0.07221727593100674
USA NMDP Vietnamese,mhcflurry,13465.17,23326.93,0.026333002178581068,0.04561903774773048
USA NMDP Vietnamese,netmhc,6952.51,16036.31,0.02087001026613915,0.04813771635437992
USA New Mexico Canoncito Navajo,mhcflurry,16565.41,34348.41,0.03239595026420673,0.06717306616706628
USA New Mexico Canoncito Navajo,netmhc,14294.68,28088.99,0.04290970000060036,0.08431739180029658
USA North American Native,mhcflurry,24225.53,45917.06,0.047376374324815874,0.08979716119544258
USA North American Native,netmhc,19938.41,34584.2,0.05985102091050448,0.10381468117934524
USA Philadelphia Caucasian,mhcflurry,24280.59,40369.55,0.0474840517696571,0.07894823816545483
USA Philadelphia Caucasian,netmhc,19199.77,34816.02,0.05763377499744848,0.10451055731327333
USA San Antonio Caucasian,mhcflurry,29835.8,46055.58,0.0583480332145609,0.09006805621286731
USA San Antonio Caucasian,netmhc,25663.36,40622.94,0.07703614761627453,0.12194174116121441
USA San Diego,mhcflurry,23967.25,40757.63,0.04687127206448913,0.07970718227722345
USA San Diego,netmhc,17938.77,33008.91,0.05384851140982307,0.09908598341808403
USA San Francisco Caucasian,mhcflurry,29653.27,47200.7,0.057991070555518616,0.09230749674386222
USA San Francisco Caucasian,netmhc,24867.1,39711.33,0.0746459382710861,0.11920527475430308
USA South Dakota Lakota Sioux,mhcflurry,18979.39,39685.35,0.03711682200953569,0.07761019044005772
USA South Dakota Lakota Sioux,netmhc,17477.03,31438.95,0.052462462552606455,0.09437328522456429
USA South Texas Hispanic,mhcflurry,20019.16,36511.95,0.03915023604554291,0.07140416785634662
USA South Texas Hispanic,netmhc,14510.34,29193.26,0.043557067126141435,0.08763218404605953
Uganda Kampala,mhcflurry,19844.49,35366.41,0.038808644703544795,0.0691639059572654
Uganda Kampala,netmhc,11868.4,27491.58,0.035626504649780566,0.08252408940546448
Uganda Kampala pop 2,mhcflurry,13003.99,24606.65,0.025431100907025044,0.04812170719401106
Uganda Kampala pop 2,netmhc,5177.95,17421.81,0.015543144800590753,0.05229670342865034
United Arab Emirates Abu Dhabi,mhcflurry,18255.68,32374.6,0.03570150701487459,0.06331300773259384
United Arab Emirates Abu Dhabi,netmhc,11304.22,26162.25,0.03393295190523933,0.07853371316046996
Venezuela Sierra de Perija Yucpa,mhcflurry,7282.66,11918.45,0.014242248827594839,0.023308177305990902
Venezuela Sierra de Perija Yucpa,netmhc,5791.96,9899.67,0.0173862769936422,0.029716780634819622
Vietnam Hanoi Kinh pop 2,mhcflurry,13611.01,22966.65,0.026618212468367552,0.044914460380723664
Vietnam Hanoi Kinh pop 2,netmhc,6911.71,15734.89,0.020747537027142233,0.047232915283339436
Vietnam Kinh,mhcflurry,12348.12,21185.4,0.02414845641468919,0.0414309796574504
Vietnam Kinh,netmhc,6394.79,14513.68,0.019195849117772428,0.04356709312168677
Zambia Lusaka,mhcflurry,13909.43,26424.77,0.02720181405008781,0.051677292301434266
Zambia Lusaka,netmhc,5955.07,19206.0,0.017875899788073267,0.05765247618075609
Zimbabwe Harare Shona,mhcflurry,14134.15,24817.42,0.02764128508904021,0.0485338970786675
Zimbabwe Harare Shona,netmhc,6118.56,17459.49,0.018366663264632252,0.05240981106701808
