,allele,freq,dataset
0,A*01:01,0.029293327141152445,NetMHC4.1
1,A*02:01,0.07614619033902226,NetMHC4.1
2,A*02:02,0.02514887688337344,NetMHC4.1
3,A*02:03,0.03775858724214772,NetMHC4.1
4,A*02:04,0.0006172585490308389,NetMHC4.1
5,A*02:05,0.0012991822793887696,NetMHC4.1
6,A*02:06,0.03380813252834989,NetMHC4.1
7,A*02:07,0.0010640361654722453,NetMHC4.1
8,A*02:10,0.0006936810360537018,NetMHC4.1
9,A*02:11,0.006960324971929463,NetMHC4.1
10,A*02:12,0.007536432951024952,NetMHC4.1
11,A*02:16,0.0060021045577195575,NetMHC4.1
12,A*02:17,0.0026218791701692816,NetMHC4.1
13,A*02:19,0.00791266673329143,NetMHC4.1
14,A*02:50,0.0013814834192595682,NetMHC4.1
15,A*03:01,0.044566067240031454,NetMHC4.1
16,A*03:02,0.0007407102588370869,NetMHC4.1
17,A*03:19,0.0007642248702287292,NetMHC4.1
18,A*11:01,0.03866977843357434,NetMHC4.1
19,A*11:02,0.0006701664246620593,NetMHC4.1
20,A*23:01,0.016060479580499387,NetMHC4.1
21,A*24:02,0.020357774812324016,NetMHC4.1
22,A*24:03,0.008706284867759739,NetMHC4.1
23,A*25:01,0.006231372018788146,NetMHC4.1
24,A*26:01,0.027247555950078554,NetMHC4.1
25,A*26:02,0.0043678390659995575,NetMHC4.1
26,A*26:03,0.003750580516968719,NetMHC4.1
27,A*29:02,0.016977549424773843,NetMHC4.1
28,A*30:01,0.017788803517785855,NetMHC4.1
29,A*30:02,0.012962429529649018,NetMHC4.1
30,A*31:01,0.03413145843498515,NetMHC4.1
31,A*32:01,0.007236621655781336,NetMHC4.1
32,A*32:07,0.001099308082559759,NetMHC4.1
33,A*32:15,0.0010228855955368961,NetMHC4.1
34,A*33:01,0.021686350355952465,NetMHC4.1
35,A*66:01,0.001881168911332195,NetMHC4.1
36,A*68:01,0.023073712428060066,NetMHC4.1
37,A*68:02,0.03339074817614806,NetMHC4.1
38,A*68:23,0.0010699148183201809,NetMHC4.1
39,A*69:01,0.015701881756776614,NetMHC4.1
40,A*74:01,0.000676045077509995,NetMHC4.1
41,A*80:01,0.007483525075393732,NetMHC4.1
42,B*07:02,0.029093452944323334,NetMHC4.1
43,B*08:01,0.02142181097779636,NetMHC4.1
44,B*08:02,0.0065840911896629835,NetMHC4.1
45,B*08:03,0.0033508321233105976,NetMHC4.1
46,B*13:02,0.0005937439376391964,NetMHC4.1
47,B*14:01,0.0008347687044036566,NetMHC4.1
48,B*14:02,0.002604243211625575,NetMHC4.1
49,B*15:01,0.02678314237509344,NetMHC4.1
50,B*15:02,0.0015578430046970365,NetMHC4.1
51,B*15:03,0.004679407666939045,NetMHC4.1
52,B*15:09,0.0054789044542552885,NetMHC4.1
53,B*15:10,0.0006113798961829033,NetMHC4.1
54,B*15:17,0.009100154608569925,NetMHC4.1
55,B*15:42,0.0027276949214317227,NetMHC4.1
56,B*18:01,0.017230331497234172,NetMHC4.1
57,B*27:01,0.0006642877718141236,NetMHC4.1
58,B*27:02,0.0007407102588370869,NetMHC4.1
59,B*27:03,0.005837502277977961,NetMHC4.1
60,B*27:04,0.000887676580034877,NetMHC4.1
61,B*27:05,0.02261517750592279,NetMHC4.1
62,B*27:06,0.0008935552328828126,NetMHC4.1
63,B*27:09,0.0006701664246620593,NetMHC4.1
64,B*27:10,0.0005996225904871321,NetMHC4.1
65,B*27:20,0.0011287013467993368,NetMHC4.1
66,B*35:01,0.020010934294297213,NetMHC4.1
67,B*35:03,0.0022221307765112604,NetMHC4.1
68,B*35:08,0.0006525304661183527,NetMHC4.1
69,B*37:01,0.0009758563727536112,NetMHC4.1
70,B*38:01,0.003703551294185434,NetMHC4.1
71,B*39:01,0.011245862898058321,NetMHC4.1
72,B*39:06,0.000781860828772436,NetMHC4.1
73,B*39:09,0.0006584091189662882,NetMHC4.1
74,B*40:01,0.020804552428765524,NetMHC4.1
75,B*40:02,0.0069838395833211045,NetMHC4.1
76,B*40:13,0.0009347058028181619,NetMHC4.1
77,B*42:01,0.0019517127455072223,NetMHC4.1
78,B*42:02,0.0006936810360537018,NetMHC4.1
79,B*44:02,0.014326276990364881,NetMHC4.1
80,B*44:03,0.009288271499703163,NetMHC4.1
81,B*45:01,0.0068721451792107275,NetMHC4.1
82,B*45:06,0.0027159376157359517,NetMHC4.1
83,B*46:01,0.011257620203754093,NetMHC4.1
84,B*48:01,0.0057787157494988035,NetMHC4.1
85,B*51:01,0.017771167559242147,NetMHC4.1
86,B*52:01,0.0007289529531412155,NetMHC4.1
87,B*53:01,0.0112752561622979,NetMHC4.1
88,B*54:01,0.007677520619374806,NetMHC4.1
89,B*55:01,0.0005937439376391964,NetMHC4.1
90,B*57:01,0.01822382382853149,NetMHC4.1
91,B*57:02,0.0006936810360537018,NetMHC4.1
92,B*57:03,0.0007877394816203716,NetMHC4.1
93,B*58:01,0.02046359056358646,NetMHC4.1
94,B*58:02,0.0009876136784493822,NetMHC4.1
95,B*73:01,0.0013462115021721547,NetMHC4.1
96,B*81:01,0.0007407102588370869,NetMHC4.1
97,B*83:01,0.0025807286002339325,NetMHC4.1
98,C*03:03,0.0015578430046970365,NetMHC4.1
99,C*04:01,0.0038328816568395175,NetMHC4.1
100,C*05:01,0.0016048722274803215,NetMHC4.1
101,C*06:02,0.0029863556467399897,NetMHC4.1
102,C*07:01,0.002122193678096655,NetMHC4.1
103,C*07:02,0.0014285126420429531,NetMHC4.1
104,C*08:02,0.001099308082559759,NetMHC4.1
105,C*08:03,0.0006055012433350677,NetMHC4.1
106,C*12:03,0.0015989935746323857,NetMHC4.1
107,C*14:02,0.0021104363724008843,NetMHC4.1
108,C*15:02,0.0020751644553133703,NetMHC4.1
0,A*01:01,0.031428403899766096,MHCFLurry
1,A*02:01,0.11486612544709314,MHCFLurry
2,A*02:02,0.029344193261230042,MHCFLurry
3,A*02:03,0.04064477268244863,MHCFLurry
4,A*02:04,4.7974157920267234e-05,MHCFLurry
5,A*02:05,0.0007675865267242679,MHCFLurry
6,A*02:06,0.03791557614298445,MHCFLurry
7,A*02:07,0.000671638210883672,MHCFLurry
8,A*02:08,2.6652309955704015e-05,MHCFLurry
9,A*02:09,2.6652309955704015e-05,MHCFLurry
10,A*02:10,9.594831584053447e-05,MHCFLurry
11,A*02:11,0.005799542646361147,MHCFLurry
12,A*02:12,0.006305936535519481,MHCFLurry
13,A*02:14,6.396554389368964e-05,MHCFLurry
14,A*02:16,0.004904025031849518,MHCFLurry
15,A*02:17,0.0018443398489346673,MHCFLurry
16,A*02:19,0.006636425178970256,MHCFLurry
17,A*02:50,0.0007196123688039699,MHCFLurry
18,A*03:01,0.046316384241022406,MHCFLurry
19,A*03:02,0.00013859201176958307,MHCFLurry
20,A*03:19,0.00015991385973412664,MHCFLurry
21,A*11:01,0.04085266070010305,MHCFLurry
22,A*11:02,7.462646787597126e-05,MHCFLurry
23,A*23:01,0.013725939627187538,MHCFLurry
24,A*24:01,1.0660923982281606e-05,MHCFLurry
25,A*24:02,0.026604335797783745,MHCFLurry
26,A*24:03,0.0074413249396325,MHCFLurry
27,A*25:01,0.005133234897468585,MHCFLurry
28,A*26:01,0.026369795470173464,MHCFLurry
29,A*26:02,0.0034274870603035012,MHCFLurry
30,A*26:03,0.002862458089242547,MHCFLurry
31,A*29:02,0.014589474469752303,MHCFLurry
32,A*30:01,0.01731867100921638,MHCFLurry
33,A*30:02,0.013240867585993746,MHCFLurry
34,A*30:03,0.00016524432172533755,MHCFLurry
35,A*30:04,2.6652309955704015e-05,MHCFLurry
36,A*31:01,0.03317679543286027,MHCFLurry
37,A*32:01,0.006055404821935869,MHCFLurry
38,A*32:07,0.0004637501932292473,MHCFLurry
39,A*32:15,0.00039445418734440575,MHCFLurry
40,A*33:01,0.019653413361336046,MHCFLurry
41,A*33:03,0.00010127877783160687,MHCFLurry
42,A*66:01,0.0005437071230963106,MHCFLurry
43,A*68:01,0.023267466591329528,MHCFLurry
44,A*68:02,0.03802218538280727,MHCFLurry
45,A*68:23,0.00043709788327349287,MHCFLurry
46,A*69:01,0.01594874227749328,MHCFLurry
47,A*74:01,4.7974157920267234e-05,MHCFLurry
48,A*80:01,0.006220649143661307,MHCFLurry
49,B*07:01,0.00035714095340642953,MHCFLurry
50,B*07:02,0.033240760976754,MHCFLurry
51,B*08:01,0.022659793924339488,MHCFLurry
52,B*08:02,0.005431740768972395,MHCFLurry
53,B*08:03,0.0025053171358361175,MHCFLurry
54,B*13:02,5.330461991140803e-06,MHCFLurry
55,B*14:01,0.00022387940362785728,MHCFLurry
56,B*14:02,0.001146049328095241,MHCFLurry
57,B*15:01,0.02807554330733855,MHCFLurry
58,B*15:02,0.0010287791642901016,MHCFLurry
59,B*15:03,0.0037579757037541762,MHCFLurry
60,B*15:08,0.00016524432172533755,MHCFLurry
61,B*15:09,0.004488248996540468,MHCFLurry
62,B*15:10,0.00011193970181392864,MHCFLurry
63,B*15:13,3.198277194684482e-05,MHCFLurry
64,B*15:16,0.00018656616968988109,MHCFLurry
65,B*15:17,0.007739830811136409,MHCFLurry
66,B*15:42,0.0019349577027840525,MHCFLurry
67,B*18:01,0.014557491697805435,MHCFLurry
68,B*27:01,0.0003518104914152186,MHCFLurry
69,B*27:02,0.00044775880725581464,MHCFLurry
70,B*27:03,0.0048560508739292196,MHCFLurry
71,B*27:04,0.0005277157371228779,MHCFLurry
72,B*27:05,0.023208831509427007,MHCFLurry
73,B*27:06,0.0004904025031849018,MHCFLurry
74,B*27:09,0.00025053171358361176,MHCFLurry
75,B*27:10,1.599138597342241e-05,MHCFLurry
76,B*27:20,0.00048507204119379086,MHCFLurry
77,B*35:01,0.01942953395770819,MHCFLurry
78,B*35:02,5.330461991140803e-06,MHCFLurry
79,B*35:03,0.0015405035154396468,MHCFLurry
80,B*35:08,0.0008422129946002204,MHCFLurry
81,B*37:01,0.0003624714153975404,MHCFLurry
82,B*38:01,0.002851797165260325,MHCFLurry
83,B*39:01,0.008891210601222763,MHCFLurry
84,B*39:06,0.00017590524570755927,MHCFLurry
85,B*39:09,0.00011727016380503953,MHCFLurry
86,B*39:10,2.1321847964563212e-05,MHCFLurry
87,B*40:01,0.021135281794873274,MHCFLurry
88,B*40:02,0.005826194956316802,MHCFLurry
89,B*40:13,0.00030916679548613154,MHCFLurry
90,B*42:01,0.001135388404112919,MHCFLurry
91,B*42:02,9.594831584053447e-05,MHCFLurry
92,B*44:01,2.6652309955704015e-05,MHCFLurry
93,B*44:02,0.011982878556084478,MHCFLurry
94,B*44:03,0.00798503206272891,MHCFLurry
95,B*44:05,7.462646787597126e-05,MHCFLurry
96,B*45:01,0.005799542646361147,MHCFLurry
97,B*45:06,0.0019242967788017308,MHCFLurry
98,B*46:01,0.009770736829761059,MHCFLurry
99,B*48:01,0.004706797938177314,MHCFLurry
100,B*51:01,0.01559693178607796,MHCFLurry
101,B*51:02,3.731323393798563e-05,MHCFLurry
102,B*52:01,0.00017590524570755927,MHCFLurry
103,B*53:01,0.009637475279982486,MHCFLurry
104,B*54:01,0.006620433792996824,MHCFLurry
105,B*55:01,1.599138597342241e-05,MHCFLurry
106,B*55:02,0.00014925293575190486,MHCFLurry
107,B*56:01,1.599138597342241e-05,MHCFLurry
108,B*57:01,0.01547433116028171,MHCFLurry
109,B*57:02,0.00013859201176958307,MHCFLurry
110,B*57:03,0.0001812357076987702,MHCFLurry
111,B*58:01,0.023262136129338418,MHCFLurry
112,B*58:02,0.0002931754095126989,MHCFLurry
113,B*60:01,2.6652309955704015e-05,MHCFLurry
114,B*73:01,0.0006982905208394263,MHCFLurry
115,B*81:01,0.00013859201176958307,MHCFLurry
116,B*83:01,0.0018016961530055802,MHCFLurry
123,C*01:02,4.7974157920267234e-05,MHCFLurry
124,C*03:03,0.0008795262285381966,MHCFLurry
125,C*03:04,0.0016897564511915517,MHCFLurry
126,C*04:01,0.002777170697384273,MHCFLurry
127,C*05:01,0.0011727016380508955,MHCFLurry
128,C*06:02,0.002244124498270184,MHCFLurry
129,C*07:01,0.002446682053933598,MHCFLurry
130,C*07:02,0.0009861354683610142,MHCFLurry
131,C*08:01,0.00023987078960128997,MHCFLurry
132,C*08:02,0.0007196123688039699,MHCFLurry
133,C*08:03,1.599138597342241e-05,MHCFLurry
134,C*12:02,0.00015991385973412664,MHCFLurry
135,C*12:03,0.0009168394624761728,MHCFLurry
136,C*14:02,0.0016631041412358974,MHCFLurry
137,C*15:02,0.0009648136203964709,MHCFLurry
0,A*01:01,0.0007238229093464512,HLAthena
1,A*02:01,0.002199578355586788,HLAthena
2,A*02:02,0.02472241742796908,HLAthena
3,A*02:03,0.0068446943078004216,HLAthena
4,A*02:04,0.003169360505973296,HLAthena
5,A*02:05,0.022607167955024595,HLAthena
6,A*02:06,0.01702037947997189,HLAthena
7,A*02:07,0.004546732255797611,HLAthena
8,A*02:11,0.015910049191848206,HLAthena
9,A*03:01,0.00129304286718201,HLAthena
10,A*11:01,0.021813070976809557,HLAthena
11,A*11:02,0.020878425860857343,HLAthena
12,A*23:01,0.018812368236120872,HLAthena
13,A*24:02,0.001089248067463106,HLAthena
14,A*24:07,0.010604356992269852,HLAthena
15,A*25:01,0.004139142656359803,HLAthena
16,A*26:01,0.009754040758959944,HLAthena
17,A*29:02,0.0011243851018974,HLAthena
18,A*30:01,0.008601546029515109,HLAthena
19,A*30:02,0.020822206605762474,HLAthena
20,A*31:01,0.0017427969079409696,HLAthena
21,A*32:01,0.010238931834153196,HLAthena
22,A*33:01,0.018011243851018974,HLAthena
23,A*33:03,0.021834153197470133,HLAthena
24,A*34:01,0.01723120168657765,HLAthena
25,A*34:02,0.027905832747716092,HLAthena
26,A*36:01,0.020695713281799016,HLAthena
27,A*66:01,0.015987350667603654,HLAthena
28,A*68:01,0.00898805340829234,HLAthena
29,A*68:02,0.0044483485593815875,HLAthena
30,A*74:01,0.01977512297962052,HLAthena
31,B*07:02,0.001953619114546732,HLAthena
32,B*07:04,0.010815179198875615,HLAthena
33,B*08:01,0.002073085031623331,HLAthena
34,B*13:01,0.028959943780744905,HLAthena
35,B*13:02,0.016676036542515812,HLAthena
36,B*14:02,0.009283204497540408,HLAthena
37,B*15:01,0.01101897399859452,HLAthena
38,B*15:02,0.006331693605059733,HLAthena
39,B*15:03,0.016423049894588898,HLAthena
40,B*15:10,0.011363316936050598,HLAthena
41,B*15:17,0.01335910049191848,HLAthena
42,B*18:01,0.008123682361208714,HLAthena
43,B*27:05,0.001763879128601546,HLAthena
44,B*35:01,0.0017217146872803935,HLAthena
45,B*35:03,0.007378777231201687,HLAthena
46,B*35:07,0.014132115249472943,HLAthena
47,B*37:01,0.011728742094167252,HLAthena
48,B*38:01,0.01832747716092762,HLAthena
49,B*38:02,0.022276879831342234,HLAthena
50,B*40:01,0.01264230498945889,HLAthena
51,B*40:02,0.007231201686577652,HLAthena
52,B*40:06,0.017364722417427966,HLAthena
53,B*42:01,0.02527055516514406,HLAthena
54,B*44:02,0.0005692199578355586,HLAthena
55,B*44:03,0.0007027406886858749,HLAthena
56,B*45:01,0.00544624033731553,HLAthena
57,B*46:01,0.005045678144764582,HLAthena
58,B*49:01,0.02672522839072382,HLAthena
59,B*50:01,0.00426563598032326,HLAthena
60,B*51:01,0.0020379479971890375,HLAthena
61,B*52:01,0.00916373858046381,HLAthena
62,B*53:01,0.016085734364019676,HLAthena
63,B*54:01,0.002789880534082923,HLAthena
64,B*55:01,0.010604356992269852,HLAthena
65,B*55:02,0.011560084328882642,HLAthena
66,B*56:01,0.010653548840477863,HLAthena
67,B*57:01,0.0014476458186929023,HLAthena
68,B*57:03,0.009430780042164442,HLAthena
69,B*58:01,0.007631763879128601,HLAthena
70,B*58:02,0.00815179198875615,HLAthena
71,C*01:02,0.005888966971187632,HLAthena
72,C*02:02,0.005298664792691497,HLAthena
73,C*03:02,0.009402670414617006,HLAthena
74,C*03:03,0.019198875614898102,HLAthena
75,C*03:04,0.01117357695010541,HLAthena
76,C*04:01,0.007167955024595924,HLAthena
77,C*04:03,0.008692902319044273,HLAthena
78,C*05:01,0.004574841883345045,HLAthena
79,C*06:02,0.008439915671117357,HLAthena
80,C*07:01,0.005593815881939564,HLAthena
81,C*07:02,0.00517217146872804,HLAthena
82,C*07:04,0.007041461700632467,HLAthena
83,C*08:01,0.014111033028812368,HLAthena
84,C*08:02,0.013450456781447644,HLAthena
85,C*12:02,0.0029023190442726637,HLAthena
86,C*12:03,0.010309205903021784,HLAthena
87,C*14:02,0.005727336612789881,HLAthena
88,C*14:03,0.02157413914265636,HLAthena
89,C*15:02,0.018011243851018974,HLAthena
90,C*16:01,0.01780744905130007,HLAthena
91,C*17:01,0.006394940267041462,HLAthena
